<?xml version="1.0" encoding="UTF-8"?>
<jcr:root xmlns:jcr="http://www.jcp.org/jcr/1.0" xmlns:nt="http://www.jcp.org/jcr/nt/1.0" xmlns:granite="http://www.adobe.com/jcr/granite/1.0" xmlns:cq="http://www.day.com/jcr/cq/1.0" xmlns:sling="http://sling.apache.org/jcr/sling/1.0"
    jcr:primaryType="nt:unstructured"
    jcr:title="Navigation"
    sling:resourceType="cq/gui/components/authoring/dialog"
    extraClientlibs="[core.wcm.components.navigation.v1.editor]"
    helpPath="https://www.adobe.com/go/aem_cmp_navigation_v1"
    trackingFeature="core-components:navigation:v1">
    <content
        granite:class="cmp-navigation__editor"
        jcr:primaryType="nt:unstructured"
        sling:resourceType="granite/ui/components/coral/foundation/container">
        <items jcr:primaryType="nt:unstructured">
            <tabs
                jcr:primaryType="nt:unstructured"
                sling:resourceType="granite/ui/components/coral/foundation/tabs"
                maximized="{Boolean}true">
                <items jcr:primaryType="nt:unstructured">
                    <properties
                        jcr:primaryType="nt:unstructured"
                        jcr:title="Properties"
                        sling:resourceType="granite/ui/components/coral/foundation/container"
                        margin="{Boolean}true">
                        <items jcr:primaryType="nt:unstructured">
                            <columns
                                jcr:primaryType="nt:unstructured"
                                sling:resourceType="granite/ui/components/coral/foundation/fixedcolumns"
                                margin="{Boolean}true">
                                <items jcr:primaryType="nt:unstructured">
                                    <column
                                        jcr:primaryType="nt:unstructured"
                                        sling:resourceType="granite/ui/components/coral/foundation/container">
                                        <items jcr:primaryType="nt:unstructured">
                                            <navigationRoot
                                                jcr:primaryType="nt:unstructured"
                                                sling:resourceType="granite/ui/components/coral/foundation/form/pathfield"
                                                fieldDescription="The root page from which to build the navigation. Can be a blueprint master, language master or regular page."
                                                fieldLabel="Navigation Root"
                                                forceSelection="{Boolean}true"
                                                name="./navigationRoot"
                                                required="{Boolean}true"
                                                rootPath="/content"
                                                value="${not empty cqDesign.navigationRoot ? cqDesign.navigationRoot : ''}"/>
                                            <skipNavigationRoot
                                                jcr:primaryType="nt:unstructured"
                                                sling:resourceType="granite/ui/components/coral/foundation/form/checkbox"
                                                checked="${not empty cqDesign.skipNavigationRoot ? cqDesign.skipNavigationRoot : true}"
                                                fieldDescription="Exclude the navigation root in the resulting tree, include its descendants only."
                                                name="./skipNavigationRoot"
                                                text="Exclude navigation root"
                                                uncheckedValue="{Boolean}false"
                                                value="{Boolean}true"/>
                                            <collectAllPages
                                                jcr:primaryType="nt:unstructured"
                                                sling:resourceType="granite/ui/components/coral/foundation/form/checkbox"
                                                checked="${not empty cqDesign.collectAllPages ? cqDesign.collectAllPages : true}"
                                                fieldDescription="Collect all pages that are descendants of the navigation root."
                                                name="./collectAllPages"
                                                text="Collect all child pages"
                                                uncheckedValue="{Boolean}false"
                                                value="{Boolean}true"/>
                                            <structureDepth
                                                jcr:primaryType="nt:unstructured"
                                                sling:resourceType="granite/ui/components/coral/foundation/form/numberfield"
                                                fieldDescription="Depth of the navigation structure relative to the navigation root."
                                                fieldLabel="Navigation Structure Depth"
                                                max="100"
                                                min="1"
                                                name="./structureDepth"
                                                step="1"
                                                value="${not empty cqDesign.structureDepth ? cqDesign.structureDepth : 1}"/>
                                        </items>
                                    </column>
                                </items>
                            </columns>
                        </items>
                    </properties>
                </items>
            </tabs>
        </items>
    </content>
</jcr:root>
